Date;Company;Title;Location;Description;Level;Type;Function;Industry;Link
2023-02-13;NoLimit Indonesia;Junior Data Analyst;Bandung, East Java, Indonesia;;;;;;https://id.linkedin.com/jobs/view/it-business-information-at-asuransi-astra-3550596130?refId=31IhIA%2BzO8ilEeyAdxc6Kg%3D%3D&trackingId=%2BuWxA02Tm0wDMXxi4BKc2Q%3D%3D&position=25&pageNum=6&trk=public_jobs_jserp-result_search-card
2023-04-10;Bukalapak;Business Intelligence (iPrice);Jakarta, Indonesia;;;;;;https://id.linkedin.com/jobs/view/it-business-information-at-asuransi-astra-3550596130?refId=31IhIA%2BzO8ilEeyAdxc6Kg%3D%3D&trackingId=%2BuWxA02Tm0wDMXxi4BKc2Q%3D%3D&position=25&pageNum=6&trk=public_jobs_jserp-result_search-card
2023-03-17;PT. Sigma Cipta Caraka (Telkomsigma);Data Architecture and Modelling (Multifinance Industry);Jakarta, Jakarta, Indonesia;;;;;;https://id.linkedin.com/jobs/view/it-business-information-at-asuransi-astra-3550596130?refId=31IhIA%2BzO8ilEeyAdxc6Kg%3D%3D&trackingId=%2BuWxA02Tm0wDMXxi4BKc2Q%3D%3D&position=25&pageNum=6&trk=public_jobs_jserp-result_search-card
2023-02-18;Kawan Lama Group;Data Analyst;West Jakarta, Jakarta, Indonesia;;;;;;https://id.linkedin.com/jobs/view/it-business-information-at-asuransi-astra-3550596130?refId=31IhIA%2BzO8ilEeyAdxc6Kg%3D%3D&trackingId=%2BuWxA02Tm0wDMXxi4BKc2Q%3D%3D&position=25&pageNum=6&trk=public_jobs_jserp-result_search-card
2023-03-28;Amar Bank;Data Analyst;Jakarta, Indonesia;;;;;;https://id.linkedin.com/jobs/view/it-business-information-at-asuransi-astra-3550596130?refId=31IhIA%2BzO8ilEeyAdxc6Kg%3D%3D&trackingId=%2BuWxA02Tm0wDMXxi4BKc2Q%3D%3D&position=25&pageNum=6&trk=public_jobs_jserp-result_search-card
2022-12-08;NoLimit Indonesia;Customer Success;Bandung, East Java, Indonesia;;;;;;https://id.linkedin.com/jobs/view/it-business-information-at-asuransi-astra-3550596130?refId=31IhIA%2BzO8ilEeyAdxc6Kg%3D%3D&trackingId=%2BuWxA02Tm0wDMXxi4BKc2Q%3D%3D&position=25&pageNum=6&trk=public_jobs_jserp-result_search-card
2023-01-16;PT Onix Kreatif Indonesia;Accounting;Jakarta Metropolitan Area;;;;;;https://id.linkedin.com/jobs/view/it-business-information-at-asuransi-astra-3550596130?refId=31IhIA%2BzO8ilEeyAdxc6Kg%3D%3D&trackingId=%2BuWxA02Tm0wDMXxi4BKc2Q%3D%3D&position=25&pageNum=6&trk=public_jobs_jserp-result_search-card
2023-04-13;PT Smartfren Telecom Tbk;Regional Data Support;Jakarta Metropolitan Area;;;;;;https://id.linkedin.com/jobs/view/it-business-information-at-asuransi-astra-3550596130?refId=31IhIA%2BzO8ilEeyAdxc6Kg%3D%3D&trackingId=%2BuWxA02Tm0wDMXxi4BKc2Q%3D%3D&position=25&pageNum=6&trk=public_jobs_jserp-result_search-card
2023-04-12;Great Giant Foods;Data Analyst;Jakarta, Jakarta, Indonesia;;;;;;https://id.linkedin.com/jobs/view/it-business-information-at-asuransi-astra-3550596130?refId=31IhIA%2BzO8ilEeyAdxc6Kg%3D%3D&trackingId=%2BuWxA02Tm0wDMXxi4BKc2Q%3D%3D&position=25&pageNum=6&trk=public_jobs_jserp-result_search-card
2023-03-10;Little Joy Indonesia;Data Entry Internship;Jakarta Metropolitan Area;;;;;;https://id.linkedin.com/jobs/view/it-business-information-at-asuransi-astra-3550596130?refId=31IhIA%2BzO8ilEeyAdxc6Kg%3D%3D&trackingId=%2BuWxA02Tm0wDMXxi4BKc2Q%3D%3D&position=25&pageNum=6&trk=public_jobs_jserp-result_search-card
2023-03-29;PT Lion Super Indo;Category Analyst - Section Head;Jakarta, Indonesia;;;;;;https://id.linkedin.com/jobs/view/it-business-information-at-asuransi-astra-3550596130?refId=31IhIA%2BzO8ilEeyAdxc6Kg%3D%3D&trackingId=%2BuWxA02Tm0wDMXxi4BKc2Q%3D%3D&position=25&pageNum=6&trk=public_jobs_jserp-result_search-card
2023-03-10;PT.Visionet Data Internasional;Administration Officer;Jakarta Metropolitan Area;;;;;;https://id.linkedin.com/jobs/view/it-business-information-at-asuransi-astra-3550596130?refId=31IhIA%2BzO8ilEeyAdxc6Kg%3D%3D&trackingId=%2BuWxA02Tm0wDMXxi4BKc2Q%3D%3D&position=25&pageNum=6&trk=public_jobs_jserp-result_search-card
2023-03-22;Astra Credit Companies (ACC);Asset Auditor;Yogyakarta, Yogyakarta, Indonesia;;;;;;https://id.linkedin.com/jobs/view/it-business-information-at-asuransi-astra-3550596130?refId=31IhIA%2BzO8ilEeyAdxc6Kg%3D%3D&trackingId=%2BuWxA02Tm0wDMXxi4BKc2Q%3D%3D&position=25&pageNum=6&trk=public_jobs_jserp-result_search-card
2023-03-01;PT Aino Indonesia;Data Analyst Intern - Jakarta;Jakarta Metropolitan Area;;;;;;https://id.linkedin.com/jobs/view/it-business-information-at-asuransi-astra-3550596130?refId=31IhIA%2BzO8ilEeyAdxc6Kg%3D%3D&trackingId=%2BuWxA02Tm0wDMXxi4BKc2Q%3D%3D&position=25&pageNum=6&trk=public_jobs_jserp-result_search-card
2023-03-17;PT. Sigma Cipta Caraka (Telkomsigma);Data Architecture or Database Administrator;Jakarta, Jakarta, Indonesia;;;;;;https://id.linkedin.com/jobs/view/it-business-information-at-asuransi-astra-3550596130?refId=31IhIA%2BzO8ilEeyAdxc6Kg%3D%3D&trackingId=%2BuWxA02Tm0wDMXxi4BKc2Q%3D%3D&position=25&pageNum=6&trk=public_jobs_jserp-result_search-card
2023-03-29;eStaffing Inc.;Data Entry Clerk - Remote;Indonesia;;;;;;https://id.linkedin.com/jobs/view/it-business-information-at-asuransi-astra-3550596130?refId=31IhIA%2BzO8ilEeyAdxc6Kg%3D%3D&trackingId=%2BuWxA02Tm0wDMXxi4BKc2Q%3D%3D&position=25&pageNum=6&trk=public_jobs_jserp-result_search-card
2023-04-11;Lazada;Product Operations -Indonesia;Jakarta, Jakarta, Indonesia;;;;;;https://id.linkedin.com/jobs/view/it-business-information-at-asuransi-astra-3550596130?refId=31IhIA%2BzO8ilEeyAdxc6Kg%3D%3D&trackingId=%2BuWxA02Tm0wDMXxi4BKc2Q%3D%3D&position=25&pageNum=6&trk=public_jobs_jserp-result_search-card
2023-03-28;Aksoro;Data Entry;Yogyakarta, Yogyakarta, Indonesia;;;;;;https://id.linkedin.com/jobs/view/it-business-information-at-asuransi-astra-3550596130?refId=31IhIA%2BzO8ilEeyAdxc6Kg%3D%3D&trackingId=%2BuWxA02Tm0wDMXxi4BKc2Q%3D%3D&position=25&pageNum=6&trk=public_jobs_jserp-result_search-card
2023-03-31;PT Adaro Energy Indonesia Tbk;LAND SERVICES PROJECT ANALYST;Jakarta Metropolitan Area;;;;;;https://id.linkedin.com/jobs/view/it-business-information-at-asuransi-astra-3550596130?refId=31IhIA%2BzO8ilEeyAdxc6Kg%3D%3D&trackingId=%2BuWxA02Tm0wDMXxi4BKc2Q%3D%3D&position=25&pageNum=6&trk=public_jobs_jserp-result_search-card
2023-04-12;Great Giant Foods;Leadership Acceleration Program (LEAP) 2023;Jakarta, Jakarta, Indonesia;;;;;;https://id.linkedin.com/jobs/view/it-business-information-at-asuransi-astra-3550596130?refId=31IhIA%2BzO8ilEeyAdxc6Kg%3D%3D&trackingId=%2BuWxA02Tm0wDMXxi4BKc2Q%3D%3D&position=25&pageNum=6&trk=public_jobs_jserp-result_search-card
2023-02-20;PT. BRI Multifinance Indonesia;Group Head Strategy and Development TI;Jakarta Metropolitan Area;;;;;;https://id.linkedin.com/jobs/view/it-business-information-at-asuransi-astra-3550596130?refId=31IhIA%2BzO8ilEeyAdxc6Kg%3D%3D&trackingId=%2BuWxA02Tm0wDMXxi4BKc2Q%3D%3D&position=25&pageNum=6&trk=public_jobs_jserp-result_search-card
2023-04-12;Great Giant Foods;Business Analyst;Jakarta, Jakarta, Indonesia;;;;;;https://id.linkedin.com/jobs/view/it-business-information-at-asuransi-astra-3550596130?refId=31IhIA%2BzO8ilEeyAdxc6Kg%3D%3D&trackingId=%2BuWxA02Tm0wDMXxi4BKc2Q%3D%3D&position=25&pageNum=6&trk=public_jobs_jserp-result_search-card
2023-04-10;detikcom;Data Analyst;Jakarta Metropolitan Area;;;;;;https://id.linkedin.com/jobs/view/it-business-information-at-asuransi-astra-3550596130?refId=31IhIA%2BzO8ilEeyAdxc6Kg%3D%3D&trackingId=%2BuWxA02Tm0wDMXxi4BKc2Q%3D%3D&position=25&pageNum=6&trk=public_jobs_jserp-result_search-card
2023-03-17;Rakamin Academy;Data Analyst (Intern);Jakarta, Jakarta, Indonesia;;;;;;https://id.linkedin.com/jobs/view/it-business-information-at-asuransi-astra-3550596130?refId=31IhIA%2BzO8ilEeyAdxc6Kg%3D%3D&trackingId=%2BuWxA02Tm0wDMXxi4BKc2Q%3D%3D&position=25&pageNum=6&trk=public_jobs_jserp-result_search-card
2023-04-11;Ivosights;Data Analytics Intern;Jakarta, Jakarta, Indonesia;;;;;;https://id.linkedin.com/jobs/view/it-business-information-at-asuransi-astra-3550596130?refId=31IhIA%2BzO8ilEeyAdxc6Kg%3D%3D&trackingId=%2BuWxA02Tm0wDMXxi4BKc2Q%3D%3D&position=25&pageNum=6&trk=public_jobs_jserp-result_search-card
2023-04-12;PT SMART Tbk;Process & Governance Analyst;Jakarta, Indonesia;;;;;;https://id.linkedin.com/jobs/view/it-business-information-at-asuransi-astra-3550596130?refId=31IhIA%2BzO8ilEeyAdxc6Kg%3D%3D&trackingId=%2BuWxA02Tm0wDMXxi4BKc2Q%3D%3D&position=25&pageNum=6&trk=public_jobs_jserp-result_search-card
2023-03-09;Indodana;Data Scientist;Jakarta Metropolitan Area;;;;;;https://id.linkedin.com/jobs/view/it-business-information-at-asuransi-astra-3550596130?refId=31IhIA%2BzO8ilEeyAdxc6Kg%3D%3D&trackingId=%2BuWxA02Tm0wDMXxi4BKc2Q%3D%3D&position=25&pageNum=6&trk=public_jobs_jserp-result_search-card
2023-04-12;Great Giant Foods;Accounting Staff;Jakarta, Jakarta, Indonesia;;;;;;https://id.linkedin.com/jobs/view/it-business-information-at-asuransi-astra-3550596130?refId=31IhIA%2BzO8ilEeyAdxc6Kg%3D%3D&trackingId=%2BuWxA02Tm0wDMXxi4BKc2Q%3D%3D&position=25&pageNum=6&trk=public_jobs_jserp-result_search-card
2023-04-11;OY! Indonesia;Operations Online Staff;Jakarta, Indonesia;;;;;;https://id.linkedin.com/jobs/view/it-business-information-at-asuransi-astra-3550596130?refId=31IhIA%2BzO8ilEeyAdxc6Kg%3D%3D&trackingId=%2BuWxA02Tm0wDMXxi4BKc2Q%3D%3D&position=25&pageNum=6&trk=public_jobs_jserp-result_search-card
2023-03-17;PT. Sigma Cipta Caraka (Telkomsigma);Project Management Officer Scrum;Jakarta, Jakarta, Indonesia;;;;;;https://id.linkedin.com/jobs/view/it-business-information-at-asuransi-astra-3550596130?refId=31IhIA%2BzO8ilEeyAdxc6Kg%3D%3D&trackingId=%2BuWxA02Tm0wDMXxi4BKc2Q%3D%3D&position=25&pageNum=6&trk=public_jobs_jserp-result_search-card
2023-03-27;Campaign.com;Data Analyst (Remote);Jakarta, Jakarta, Indonesia;;;;;;https://id.linkedin.com/jobs/view/it-business-information-at-asuransi-astra-3550596130?refId=31IhIA%2BzO8ilEeyAdxc6Kg%3D%3D&trackingId=%2BuWxA02Tm0wDMXxi4BKc2Q%3D%3D&position=25&pageNum=6&trk=public_jobs_jserp-result_search-card
2023-03-31;Shopee;Social Campaign - Business Development;Jakarta, Indonesia;;;;;;https://id.linkedin.com/jobs/view/it-business-information-at-asuransi-astra-3550596130?refId=31IhIA%2BzO8ilEeyAdxc6Kg%3D%3D&trackingId=%2BuWxA02Tm0wDMXxi4BKc2Q%3D%3D&position=25&pageNum=6&trk=public_jobs_jserp-result_search-card
2023-04-04;PT Bank Jago Tbk;Consumer Business Marketing Data Analyst;Jakarta, Jakarta, Indonesia;;;;;;https://id.linkedin.com/jobs/view/it-business-information-at-asuransi-astra-3550596130?refId=31IhIA%2BzO8ilEeyAdxc6Kg%3D%3D&trackingId=%2BuWxA02Tm0wDMXxi4BKc2Q%3D%3D&position=25&pageNum=6&trk=public_jobs_jserp-result_search-card
2023-03-27;Tech Mahindra;Business Analyst;Jakarta, Indonesia;;;;;;https://id.linkedin.com/jobs/view/it-business-information-at-asuransi-astra-3550596130?refId=31IhIA%2BzO8ilEeyAdxc6Kg%3D%3D&trackingId=%2BuWxA02Tm0wDMXxi4BKc2Q%3D%3D&position=25&pageNum=6&trk=public_jobs_jserp-result_search-card
2023-02-12;byOrange;Product Data Analytics - Intern;Jakarta, Jakarta, Indonesia;;;;;;https://id.linkedin.com/jobs/view/it-business-information-at-asuransi-astra-3550596130?refId=31IhIA%2BzO8ilEeyAdxc6Kg%3D%3D&trackingId=%2BuWxA02Tm0wDMXxi4BKc2Q%3D%3D&position=25&pageNum=6&trk=public_jobs_jserp-result_search-card
2023-02-18;Kawan Lama Group;It Support Officer;West Jakarta, Jakarta, Indonesia;;;;;;https://id.linkedin.com/jobs/view/it-business-information-at-asuransi-astra-3550596130?refId=31IhIA%2BzO8ilEeyAdxc6Kg%3D%3D&trackingId=%2BuWxA02Tm0wDMXxi4BKc2Q%3D%3D&position=25&pageNum=6&trk=public_jobs_jserp-result_search-card
2023-03-17;Rakamin Academy;Asisten Tutor Data Science;Jakarta, Jakarta, Indonesia;;;;;;https://id.linkedin.com/jobs/view/it-business-information-at-asuransi-astra-3550596130?refId=31IhIA%2BzO8ilEeyAdxc6Kg%3D%3D&trackingId=%2BuWxA02Tm0wDMXxi4BKc2Q%3D%3D&position=25&pageNum=6&trk=public_jobs_jserp-result_search-card
2023-03-02;Halodoc;Business Support;Jakarta Metropolitan Area;;;;;;https://id.linkedin.com/jobs/view/it-business-information-at-asuransi-astra-3550596130?refId=31IhIA%2BzO8ilEeyAdxc6Kg%3D%3D&trackingId=%2BuWxA02Tm0wDMXxi4BKc2Q%3D%3D&position=25&pageNum=6&trk=public_jobs_jserp-result_search-card
2023-02-10;PT MITRA UTAMA MADANI;Analyst Data Support;Jakarta Metropolitan Area;;;;;;https://id.linkedin.com/jobs/view/it-business-information-at-asuransi-astra-3550596130?refId=31IhIA%2BzO8ilEeyAdxc6Kg%3D%3D&trackingId=%2BuWxA02Tm0wDMXxi4BKc2Q%3D%3D&position=25&pageNum=6&trk=public_jobs_jserp-result_search-card
2023-04-12;FOOM LAB GLOBAL;Data Analyst;Jakarta Metropolitan Area;;;;;;https://id.linkedin.com/jobs/view/it-business-information-at-asuransi-astra-3550596130?refId=31IhIA%2BzO8ilEeyAdxc6Kg%3D%3D&trackingId=%2BuWxA02Tm0wDMXxi4BKc2Q%3D%3D&position=25&pageNum=6&trk=public_jobs_jserp-result_search-card
2023-04-06;GTech Digital Asia;Data Intern in MAPCLUB;Jakarta Metropolitan Area;;;;;;https://id.linkedin.com/jobs/view/it-business-information-at-asuransi-astra-3550596130?refId=31IhIA%2BzO8ilEeyAdxc6Kg%3D%3D&trackingId=%2BuWxA02Tm0wDMXxi4BKc2Q%3D%3D&position=25&pageNum=6&trk=public_jobs_jserp-result_search-card
2023-04-12;Great Giant Foods;Leadership Acceleration Program (LEAP);Jakarta, Jakarta, Indonesia;;;;;;https://id.linkedin.com/jobs/view/it-business-information-at-asuransi-astra-3550596130?refId=31IhIA%2BzO8ilEeyAdxc6Kg%3D%3D&trackingId=%2BuWxA02Tm0wDMXxi4BKc2Q%3D%3D&position=25&pageNum=6&trk=public_jobs_jserp-result_search-card
2023-04-14;Praktis;Associate Product Manager (IT);Jakarta Selatan, Jakarta, Indonesia;;;;;;https://id.linkedin.com/jobs/view/it-business-information-at-asuransi-astra-3550596130?refId=31IhIA%2BzO8ilEeyAdxc6Kg%3D%3D&trackingId=%2BuWxA02Tm0wDMXxi4BKc2Q%3D%3D&position=25&pageNum=6&trk=public_jobs_jserp-result_search-card
2023-04-14;Praktis;Product Support Staff;Jakarta, Indonesia;;;;;;https://id.linkedin.com/jobs/view/it-business-information-at-asuransi-astra-3550596130?refId=31IhIA%2BzO8ilEeyAdxc6Kg%3D%3D&trackingId=%2BuWxA02Tm0wDMXxi4BKc2Q%3D%3D&position=25&pageNum=6&trk=public_jobs_jserp-result_search-card
2023-03-17;Rakamin Academy;Data Researcher (Intern);Jakarta, Jakarta, Indonesia;;;;;;https://id.linkedin.com/jobs/view/it-business-information-at-asuransi-astra-3550596130?refId=31IhIA%2BzO8ilEeyAdxc6Kg%3D%3D&trackingId=%2BuWxA02Tm0wDMXxi4BKc2Q%3D%3D&position=25&pageNum=6&trk=public_jobs_jserp-result_search-card
2023-03-15;PT. Summarecon Agung, Tbk.;OFFICER - ADMIN MARKETING (SERPONG);Serpong, Banten, Indonesia;;;;;;https://id.linkedin.com/jobs/view/it-business-information-at-asuransi-astra-3550596130?refId=31IhIA%2BzO8ilEeyAdxc6Kg%3D%3D&trackingId=%2BuWxA02Tm0wDMXxi4BKc2Q%3D%3D&position=25&pageNum=6&trk=public_jobs_jserp-result_search-card
2023-02-01;Widya Edu;Researcher (Jogja-based);Yogyakarta, Yogyakarta, Indonesia;;;;;;https://id.linkedin.com/jobs/view/it-business-information-at-asuransi-astra-3550596130?refId=31IhIA%2BzO8ilEeyAdxc6Kg%3D%3D&trackingId=%2BuWxA02Tm0wDMXxi4BKc2Q%3D%3D&position=25&pageNum=6&trk=public_jobs_jserp-result_search-card
2023-01-31;PT. Serasi Autoraya;Data Analytics and Reporting Analyst;Jakarta Metropolitan Area;;;;;;https://id.linkedin.com/jobs/view/it-business-information-at-asuransi-astra-3550596130?refId=31IhIA%2BzO8ilEeyAdxc6Kg%3D%3D&trackingId=%2BuWxA02Tm0wDMXxi4BKc2Q%3D%3D&position=25&pageNum=6&trk=public_jobs_jserp-result_search-card
2023-03-10;Travelio;Finance Operation Staff;Jakarta Metropolitan Area;;;;;;https://id.linkedin.com/jobs/view/it-business-information-at-asuransi-astra-3550596130?refId=31IhIA%2BzO8ilEeyAdxc6Kg%3D%3D&trackingId=%2BuWxA02Tm0wDMXxi4BKc2Q%3D%3D&position=25&pageNum=6&trk=public_jobs_jserp-result_search-card
2023-02-27;UENA;Data Analyst;Jakarta Metropolitan Area;;;;;;https://id.linkedin.com/jobs/view/it-business-information-at-asuransi-astra-3550596130?refId=31IhIA%2BzO8ilEeyAdxc6Kg%3D%3D&trackingId=%2BuWxA02Tm0wDMXxi4BKc2Q%3D%3D&position=25&pageNum=6&trk=public_jobs_jserp-result_search-card
2023-03-31;PT. Mastersystem Infotama;Project Coordinator;Jakarta, Indonesia;;;;;;https://id.linkedin.com/jobs/view/it-business-information-at-asuransi-astra-3550596130?refId=31IhIA%2BzO8ilEeyAdxc6Kg%3D%3D&trackingId=%2BuWxA02Tm0wDMXxi4BKc2Q%3D%3D&position=25&pageNum=6&trk=public_jobs_jserp-result_search-card
2022-11-26;Populix;Future Opportunities;Jakarta Metropolitan Area;;;;;;https://id.linkedin.com/jobs/view/it-business-information-at-asuransi-astra-3550596130?refId=31IhIA%2BzO8ilEeyAdxc6Kg%3D%3D&trackingId=%2BuWxA02Tm0wDMXxi4BKc2Q%3D%3D&position=25&pageNum=6&trk=public_jobs_jserp-result_search-card
2023-03-10;Hakuhodo Digital Indonesia;Internship | Data Analyst;Duri Selatan, Jakarta, Indonesia;;;;;;https://id.linkedin.com/jobs/view/it-business-information-at-asuransi-astra-3550596130?refId=31IhIA%2BzO8ilEeyAdxc6Kg%3D%3D&trackingId=%2BuWxA02Tm0wDMXxi4BKc2Q%3D%3D&position=25&pageNum=6&trk=public_jobs_jserp-result_search-card
2023-03-01;Cadmus;Data Analyst (APAC);Jakarta Metropolitan Area;;;;;;https://id.linkedin.com/jobs/view/it-business-information-at-asuransi-astra-3550596130?refId=31IhIA%2BzO8ilEeyAdxc6Kg%3D%3D&trackingId=%2BuWxA02Tm0wDMXxi4BKc2Q%3D%3D&position=25&pageNum=6&trk=public_jobs_jserp-result_search-card
2023-02-22;Amar Bank;Data Analyst;Jakarta, Jakarta, Indonesia;;;;;;https://id.linkedin.com/jobs/view/it-business-information-at-asuransi-astra-3550596130?refId=31IhIA%2BzO8ilEeyAdxc6Kg%3D%3D&trackingId=%2BuWxA02Tm0wDMXxi4BKc2Q%3D%3D&position=25&pageNum=6&trk=public_jobs_jserp-result_search-card
2023-01-31;PT SABOTEN MILENIAL INDONESIA;Data Analyst;Malang, East Java, Indonesia;;;;;;https://id.linkedin.com/jobs/view/it-business-information-at-asuransi-astra-3550596130?refId=31IhIA%2BzO8ilEeyAdxc6Kg%3D%3D&trackingId=%2BuWxA02Tm0wDMXxi4BKc2Q%3D%3D&position=25&pageNum=6&trk=public_jobs_jserp-result_search-card
2023-02-15;Global Investa Capital (GIC);Data Analyst Internship;Jakarta Metropolitan Area;;;;;;https://id.linkedin.com/jobs/view/it-business-information-at-asuransi-astra-3550596130?refId=31IhIA%2BzO8ilEeyAdxc6Kg%3D%3D&trackingId=%2BuWxA02Tm0wDMXxi4BKc2Q%3D%3D&position=25&pageNum=6&trk=public_jobs_jserp-result_search-card
2023-04-04;Populix;Qualitative Research Intern;Jakarta Metropolitan Area;;;;;;https://id.linkedin.com/jobs/view/it-business-information-at-asuransi-astra-3550596130?refId=31IhIA%2BzO8ilEeyAdxc6Kg%3D%3D&trackingId=%2BuWxA02Tm0wDMXxi4BKc2Q%3D%3D&position=25&pageNum=6&trk=public_jobs_jserp-result_search-card
2023-01-26;byOrange;Data Entry Admin (3 Months Contract);Jakarta, Jakarta, Indonesia;;;;;;https://id.linkedin.com/jobs/view/it-business-information-at-asuransi-astra-3550596130?refId=31IhIA%2BzO8ilEeyAdxc6Kg%3D%3D&trackingId=%2BuWxA02Tm0wDMXxi4BKc2Q%3D%3D&position=25&pageNum=6&trk=public_jobs_jserp-result_search-card
2023-02-26;PT NAP Info Lintas Nusa (Matrix);Data Center Support;Jakarta Metropolitan Area;;;;;;https://id.linkedin.com/jobs/view/it-business-information-at-asuransi-astra-3550596130?refId=31IhIA%2BzO8ilEeyAdxc6Kg%3D%3D&trackingId=%2BuWxA02Tm0wDMXxi4BKc2Q%3D%3D&position=25&pageNum=6&trk=public_jobs_jserp-result_search-card
2023-04-12;Great Giant Foods;Admin Distribusi;Central Lampung Regency, Lampung, Indonesia;;;;;;https://id.linkedin.com/jobs/view/it-business-information-at-asuransi-astra-3550596130?refId=31IhIA%2BzO8ilEeyAdxc6Kg%3D%3D&trackingId=%2BuWxA02Tm0wDMXxi4BKc2Q%3D%3D&position=25&pageNum=6&trk=public_jobs_jserp-result_search-card
2023-03-08;PT Adaro Energy Indonesia Tbk;TECHNICAL SPECIALIST RENEWABLE;Jakarta Metropolitan Area;;;;;;https://id.linkedin.com/jobs/view/it-business-information-at-asuransi-astra-3550596130?refId=31IhIA%2BzO8ilEeyAdxc6Kg%3D%3D&trackingId=%2BuWxA02Tm0wDMXxi4BKc2Q%3D%3D&position=25&pageNum=6&trk=public_jobs_jserp-result_search-card
2023-02-24;PT Astra Digital Arta (AstraPay);Risk Management Staff;Jakarta, Jakarta, Indonesia;;;;;;https://id.linkedin.com/jobs/view/it-business-information-at-asuransi-astra-3550596130?refId=31IhIA%2BzO8ilEeyAdxc6Kg%3D%3D&trackingId=%2BuWxA02Tm0wDMXxi4BKc2Q%3D%3D&position=25&pageNum=6&trk=public_jobs_jserp-result_search-card
2023-03-17;PT Onna Prima Utama;PAYROLL STAFF;Duri Utara, Jakarta, Indonesia;;;;;;https://id.linkedin.com/jobs/view/it-business-information-at-asuransi-astra-3550596130?refId=31IhIA%2BzO8ilEeyAdxc6Kg%3D%3D&trackingId=%2BuWxA02Tm0wDMXxi4BKc2Q%3D%3D&position=25&pageNum=6&trk=public_jobs_jserp-result_search-card
2023-04-06;Qunci Indonesia;Data Analyst (For Logistic Company);Surabaya, East Java, Indonesia;;;;;;https://id.linkedin.com/jobs/view/it-business-information-at-asuransi-astra-3550596130?refId=31IhIA%2BzO8ilEeyAdxc6Kg%3D%3D&trackingId=%2BuWxA02Tm0wDMXxi4BKc2Q%3D%3D&position=25&pageNum=6&trk=public_jobs_jserp-result_search-card
2023-04-10;Kawan Lama Group;Data Engineer;West Jakarta, Jakarta, Indonesia;;;;;;https://id.linkedin.com/jobs/view/it-business-information-at-asuransi-astra-3550596130?refId=31IhIA%2BzO8ilEeyAdxc6Kg%3D%3D&trackingId=%2BuWxA02Tm0wDMXxi4BKc2Q%3D%3D&position=25&pageNum=6&trk=public_jobs_jserp-result_search-card
2023-03-02;ilmuOne Data;Junior Data Scientist (FT);Jakarta Metropolitan Area;;;;;;https://id.linkedin.com/jobs/view/it-business-information-at-asuransi-astra-3550596130?refId=31IhIA%2BzO8ilEeyAdxc6Kg%3D%3D&trackingId=%2BuWxA02Tm0wDMXxi4BKc2Q%3D%3D&position=25&pageNum=6&trk=public_jobs_jserp-result_search-card
2023-01-28;Hire Digital;Data Scientist (remote, freelance);Indonesia;;;;;;https://id.linkedin.com/jobs/view/it-business-information-at-asuransi-astra-3550596130?refId=31IhIA%2BzO8ilEeyAdxc6Kg%3D%3D&trackingId=%2BuWxA02Tm0wDMXxi4BKc2Q%3D%3D&position=25&pageNum=6&trk=public_jobs_jserp-result_search-card
2023-04-10;Kawan Lama Group;Inventory Planner;West Jakarta, Jakarta, Indonesia;;;;;;https://id.linkedin.com/jobs/view/it-business-information-at-asuransi-astra-3550596130?refId=31IhIA%2BzO8ilEeyAdxc6Kg%3D%3D&trackingId=%2BuWxA02Tm0wDMXxi4BKc2Q%3D%3D&position=25&pageNum=6&trk=public_jobs_jserp-result_search-card
2023-03-17;PT. Central Distrindo Putra Sejahtera;Data Analyst;Yogyakarta, Yogyakarta, Indonesia;;;;;;https://id.linkedin.com/jobs/view/it-business-information-at-asuransi-astra-3550596130?refId=31IhIA%2BzO8ilEeyAdxc6Kg%3D%3D&trackingId=%2BuWxA02Tm0wDMXxi4BKc2Q%3D%3D&position=25&pageNum=6&trk=public_jobs_jserp-result_search-card
2023-03-08;Qraved;Business Analyst Executive (CEO's Office);Jakarta Metropolitan Area;;;;;;https://id.linkedin.com/jobs/view/it-business-information-at-asuransi-astra-3550596130?refId=31IhIA%2BzO8ilEeyAdxc6Kg%3D%3D&trackingId=%2BuWxA02Tm0wDMXxi4BKc2Q%3D%3D&position=25&pageNum=6&trk=public_jobs_jserp-result_search-card
2023-03-22;Indodana;Product Owner (Entry, Mid and Senior Levels Available) .;Jakarta Metropolitan Area;;;;;;https://id.linkedin.com/jobs/view/it-business-information-at-asuransi-astra-3550596130?refId=31IhIA%2BzO8ilEeyAdxc6Kg%3D%3D&trackingId=%2BuWxA02Tm0wDMXxi4BKc2Q%3D%3D&position=25&pageNum=6&trk=public_jobs_jserp-result_search-card
2023-03-29;PT.Visionet Data Internasional;IT Support;Jakarta Metropolitan Area;;;;;;https://id.linkedin.com/jobs/view/it-business-information-at-asuransi-astra-3550596130?refId=31IhIA%2BzO8ilEeyAdxc6Kg%3D%3D&trackingId=%2BuWxA02Tm0wDMXxi4BKc2Q%3D%3D&position=25&pageNum=6&trk=public_jobs_jserp-result_search-card
2023-04-11;Celerates;Data Analyst;Jakarta, Jakarta, Indonesia;;;;;;https://id.linkedin.com/jobs/view/it-business-information-at-asuransi-astra-3550596130?refId=31IhIA%2BzO8ilEeyAdxc6Kg%3D%3D&trackingId=%2BuWxA02Tm0wDMXxi4BKc2Q%3D%3D&position=25&pageNum=6&trk=public_jobs_jserp-result_search-card
2023-04-12;Great Giant Foods;Reporting & Finance Analyst;Jakarta, Jakarta, Indonesia;;;;;;https://id.linkedin.com/jobs/view/it-business-information-at-asuransi-astra-3550596130?refId=31IhIA%2BzO8ilEeyAdxc6Kg%3D%3D&trackingId=%2BuWxA02Tm0wDMXxi4BKc2Q%3D%3D&position=25&pageNum=6&trk=public_jobs_jserp-result_search-card
2023-04-04;detikcom;Data Presentation;Jakarta Metropolitan Area;;;;;;https://id.linkedin.com/jobs/view/it-business-information-at-asuransi-astra-3550596130?refId=31IhIA%2BzO8ilEeyAdxc6Kg%3D%3D&trackingId=%2BuWxA02Tm0wDMXxi4BKc2Q%3D%3D&position=25&pageNum=6&trk=public_jobs_jserp-result_search-card
2023-04-13;FishLog;Market Research;Bogor, West Java, Indonesia;;;;;;https://id.linkedin.com/jobs/view/it-business-information-at-asuransi-astra-3550596130?refId=31IhIA%2BzO8ilEeyAdxc6Kg%3D%3D&trackingId=%2BuWxA02Tm0wDMXxi4BKc2Q%3D%3D&position=25&pageNum=6&trk=public_jobs_jserp-result_search-card
2023-03-27;Manajemen Pelaksana Program Kartu Prakerja;Data Management Partner - Staff;Jakarta Metropolitan Area;;;;;;https://id.linkedin.com/jobs/view/it-business-information-at-asuransi-astra-3550596130?refId=31IhIA%2BzO8ilEeyAdxc6Kg%3D%3D&trackingId=%2BuWxA02Tm0wDMXxi4BKc2Q%3D%3D&position=25&pageNum=6&trk=public_jobs_jserp-result_search-card
2023-03-18;Great Giant Foods;Collection Admin;Jakarta, Jakarta, Indonesia;;;;;;https://id.linkedin.com/jobs/view/it-business-information-at-asuransi-astra-3550596130?refId=31IhIA%2BzO8ilEeyAdxc6Kg%3D%3D&trackingId=%2BuWxA02Tm0wDMXxi4BKc2Q%3D%3D&position=25&pageNum=6&trk=public_jobs_jserp-result_search-card
2023-02-16;Kawan Lama Group;Assistant Accounts Receivable Manager;West Jakarta, Jakarta, Indonesia;;;;;;https://id.linkedin.com/jobs/view/it-business-information-at-asuransi-astra-3550596130?refId=31IhIA%2BzO8ilEeyAdxc6Kg%3D%3D&trackingId=%2BuWxA02Tm0wDMXxi4BKc2Q%3D%3D&position=25&pageNum=6&trk=public_jobs_jserp-result_search-card
2023-02-09;Voxxy Media;Accounting Staff;Jakarta Metropolitan Area;;;;;;https://id.linkedin.com/jobs/view/it-business-information-at-asuransi-astra-3550596130?refId=31IhIA%2BzO8ilEeyAdxc6Kg%3D%3D&trackingId=%2BuWxA02Tm0wDMXxi4BKc2Q%3D%3D&position=25&pageNum=6&trk=public_jobs_jserp-result_search-card
2023-01-16;Orang Tua Group;Data Engineer Staff;Jakarta Metropolitan Area;;;;;;https://id.linkedin.com/jobs/view/it-business-information-at-asuransi-astra-3550596130?refId=31IhIA%2BzO8ilEeyAdxc6Kg%3D%3D&trackingId=%2BuWxA02Tm0wDMXxi4BKc2Q%3D%3D&position=25&pageNum=6&trk=public_jobs_jserp-result_search-card
2023-04-06;PT. Neural Technologies Indonesia;Data Scientist;Jakarta, Jakarta, Indonesia;;;;;;https://id.linkedin.com/jobs/view/it-business-information-at-asuransi-astra-3550596130?refId=31IhIA%2BzO8ilEeyAdxc6Kg%3D%3D&trackingId=%2BuWxA02Tm0wDMXxi4BKc2Q%3D%3D&position=25&pageNum=6&trk=public_jobs_jserp-result_search-card
2023-03-22;Indepay | Setara Networks;Business Analyst;Jakarta Metropolitan Area;;;;;;https://id.linkedin.com/jobs/view/it-business-information-at-asuransi-astra-3550596130?refId=31IhIA%2BzO8ilEeyAdxc6Kg%3D%3D&trackingId=%2BuWxA02Tm0wDMXxi4BKc2Q%3D%3D&position=25&pageNum=6&trk=public_jobs_jserp-result_search-card
2023-03-06;Hakuhodo Digital Indonesia;Data Analyst;Duri Selatan, Jakarta, Indonesia;;;;;;https://id.linkedin.com/jobs/view/it-business-information-at-asuransi-astra-3550596130?refId=31IhIA%2BzO8ilEeyAdxc6Kg%3D%3D&trackingId=%2BuWxA02Tm0wDMXxi4BKc2Q%3D%3D&position=25&pageNum=6&trk=public_jobs_jserp-result_search-card
2023-03-31;Artsy;Data Science & Analytics;Your, Papua, Indonesia;;;;;;https://id.linkedin.com/jobs/view/it-business-information-at-asuransi-astra-3550596130?refId=31IhIA%2BzO8ilEeyAdxc6Kg%3D%3D&trackingId=%2BuWxA02Tm0wDMXxi4BKc2Q%3D%3D&position=25&pageNum=6&trk=public_jobs_jserp-result_search-card
2023-02-10;PT. Tunas Ridean Tbk . (Tunas Group);Data Analytics and Automation Staff;Jakarta Metropolitan Area;;;;;;https://id.linkedin.com/jobs/view/it-business-information-at-asuransi-astra-3550596130?refId=31IhIA%2BzO8ilEeyAdxc6Kg%3D%3D&trackingId=%2BuWxA02Tm0wDMXxi4BKc2Q%3D%3D&position=25&pageNum=6&trk=public_jobs_jserp-result_search-card
2023-02-11;Manajemen Pelaksana Program Kartu Prakerja;Data Analyst;Jakarta Metropolitan Area;;;;;;https://id.linkedin.com/jobs/view/it-business-information-at-asuransi-astra-3550596130?refId=31IhIA%2BzO8ilEeyAdxc6Kg%3D%3D&trackingId=%2BuWxA02Tm0wDMXxi4BKc2Q%3D%3D&position=25&pageNum=6&trk=public_jobs_jserp-result_search-card
2023-03-31;Waresix;Data Analyst;Jakarta Metropolitan Area;;;;;;https://id.linkedin.com/jobs/view/it-business-information-at-asuransi-astra-3550596130?refId=31IhIA%2BzO8ilEeyAdxc6Kg%3D%3D&trackingId=%2BuWxA02Tm0wDMXxi4BKc2Q%3D%3D&position=25&pageNum=6&trk=public_jobs_jserp-result_search-card
2023-03-29;Amar Bank;Business Analyst;Jakarta, Jakarta, Indonesia;;;;;;https://id.linkedin.com/jobs/view/it-business-information-at-asuransi-astra-3550596130?refId=31IhIA%2BzO8ilEeyAdxc6Kg%3D%3D&trackingId=%2BuWxA02Tm0wDMXxi4BKc2Q%3D%3D&position=25&pageNum=6&trk=public_jobs_jserp-result_search-card
2023-03-20;Finku;Data Analyst Intern;Jakarta Metropolitan Area;;;;;;https://id.linkedin.com/jobs/view/it-business-information-at-asuransi-astra-3550596130?refId=31IhIA%2BzO8ilEeyAdxc6Kg%3D%3D&trackingId=%2BuWxA02Tm0wDMXxi4BKc2Q%3D%3D&position=25&pageNum=6&trk=public_jobs_jserp-result_search-card
2023-04-05;Amartha;Data Annotator Intern;South Jakarta City, Jakarta, Indonesia;;;;;;https://id.linkedin.com/jobs/view/it-business-information-at-asuransi-astra-3550596130?refId=31IhIA%2BzO8ilEeyAdxc6Kg%3D%3D&trackingId=%2BuWxA02Tm0wDMXxi4BKc2Q%3D%3D&position=25&pageNum=6&trk=public_jobs_jserp-result_search-card
2023-04-11;Schoters;Business Analyst Associate;Jakarta Metropolitan Area;;;;;;https://id.linkedin.com/jobs/view/it-business-information-at-asuransi-astra-3550596130?refId=31IhIA%2BzO8ilEeyAdxc6Kg%3D%3D&trackingId=%2BuWxA02Tm0wDMXxi4BKc2Q%3D%3D&position=25&pageNum=6&trk=public_jobs_jserp-result_search-card
2023-02-14;INDICO;CRM Specialist;South Jakarta City, Jakarta, Indonesia;;;;;;https://id.linkedin.com/jobs/view/it-business-information-at-asuransi-astra-3550596130?refId=31IhIA%2BzO8ilEeyAdxc6Kg%3D%3D&trackingId=%2BuWxA02Tm0wDMXxi4BKc2Q%3D%3D&position=25&pageNum=6&trk=public_jobs_jserp-result_search-card
2023-02-26;Love, Bonito;Part Timer Sales Assistant Love, Bonito Indonesia (Lippo Mall Puri);South Jakarta City, Jakarta, Indonesia;;;;;;https://id.linkedin.com/jobs/view/it-business-information-at-asuransi-astra-3550596130?refId=31IhIA%2BzO8ilEeyAdxc6Kg%3D%3D&trackingId=%2BuWxA02Tm0wDMXxi4BKc2Q%3D%3D&position=25&pageNum=6&trk=public_jobs_jserp-result_search-card
2023-03-09;INDICO;Financial Accounting and Consolidation;South Jakarta City, Jakarta, Indonesia;;;;;;https://id.linkedin.com/jobs/view/it-business-information-at-asuransi-astra-3550596130?refId=31IhIA%2BzO8ilEeyAdxc6Kg%3D%3D&trackingId=%2BuWxA02Tm0wDMXxi4BKc2Q%3D%3D&position=25&pageNum=6&trk=public_jobs_jserp-result_search-card
2023-04-13;PT Lion Super Indo;Project Leader;Jakarta Selatan, Jakarta, Indonesia;;;;;;https://id.linkedin.com/jobs/view/it-business-information-at-asuransi-astra-3550596130?refId=31IhIA%2BzO8ilEeyAdxc6Kg%3D%3D&trackingId=%2BuWxA02Tm0wDMXxi4BKc2Q%3D%3D&position=25&pageNum=6&trk=public_jobs_jserp-result_search-card
2023-01-23;byOrange;Data Scientist (Digital Banking);Jakarta, Jakarta, Indonesia;;;;;;https://id.linkedin.com/jobs/view/it-business-information-at-asuransi-astra-3550596130?refId=31IhIA%2BzO8ilEeyAdxc6Kg%3D%3D&trackingId=%2BuWxA02Tm0wDMXxi4BKc2Q%3D%3D&position=25&pageNum=6&trk=public_jobs_jserp-result_search-card
2023-04-05;PT GITS Indonesia;Maintenance Manager;Babakan Sari, West Java, Indonesia;;;;;;https://id.linkedin.com/jobs/view/it-business-information-at-asuransi-astra-3550596130?refId=31IhIA%2BzO8ilEeyAdxc6Kg%3D%3D&trackingId=%2BuWxA02Tm0wDMXxi4BKc2Q%3D%3D&position=25&pageNum=6&trk=public_jobs_jserp-result_search-card
2023-02-17;PT Smartfren Telecom Tbk;Social Media Intern;Jakarta, Jakarta, Indonesia;;;;;;https://id.linkedin.com/jobs/view/it-business-information-at-asuransi-astra-3550596130?refId=31IhIA%2BzO8ilEeyAdxc6Kg%3D%3D&trackingId=%2BuWxA02Tm0wDMXxi4BKc2Q%3D%3D&position=25&pageNum=6&trk=public_jobs_jserp-result_search-card
2023-04-06;IFG Life;Corporate Strategy Analyst;Jakarta, Indonesia;;;;;;https://id.linkedin.com/jobs/view/it-business-information-at-asuransi-astra-3550596130?refId=31IhIA%2BzO8ilEeyAdxc6Kg%3D%3D&trackingId=%2BuWxA02Tm0wDMXxi4BKc2Q%3D%3D&position=25&pageNum=6&trk=public_jobs_jserp-result_search-card
2023-03-20;Finku;Data Analyst;Jakarta Metropolitan Area;;;;;;https://id.linkedin.com/jobs/view/it-business-information-at-asuransi-astra-3550596130?refId=31IhIA%2BzO8ilEeyAdxc6Kg%3D%3D&trackingId=%2BuWxA02Tm0wDMXxi4BKc2Q%3D%3D&position=25&pageNum=6&trk=public_jobs_jserp-result_search-card
2023-04-13;Teleport;Business Development Manager;Jakarta, Jakarta, Indonesia;;;;;;https://id.linkedin.com/jobs/view/it-business-information-at-asuransi-astra-3550596130?refId=31IhIA%2BzO8ilEeyAdxc6Kg%3D%3D&trackingId=%2BuWxA02Tm0wDMXxi4BKc2Q%3D%3D&position=25&pageNum=6&trk=public_jobs_jserp-result_search-card
2023-03-08;PT Adaro Energy Indonesia Tbk;HEALTH & SAFETY SECTION HEAD;South Sumatra, Indonesia;;;;;;https://id.linkedin.com/jobs/view/it-business-information-at-asuransi-astra-3550596130?refId=31IhIA%2BzO8ilEeyAdxc6Kg%3D%3D&trackingId=%2BuWxA02Tm0wDMXxi4BKc2Q%3D%3D&position=25&pageNum=6&trk=public_jobs_jserp-result_search-card
2023-04-13;Rich Products Indonesia;Logistic Officer;Cikande, Banten, Indonesia;;;;;;https://id.linkedin.com/jobs/view/it-business-information-at-asuransi-astra-3550596130?refId=31IhIA%2BzO8ilEeyAdxc6Kg%3D%3D&trackingId=%2BuWxA02Tm0wDMXxi4BKc2Q%3D%3D&position=25&pageNum=6&trk=public_jobs_jserp-result_search-card
2023-01-29;Botika;Data Scientist;Sleman, Yogyakarta, Indonesia;;;;;;https://id.linkedin.com/jobs/view/it-business-information-at-asuransi-astra-3550596130?refId=31IhIA%2BzO8ilEeyAdxc6Kg%3D%3D&trackingId=%2BuWxA02Tm0wDMXxi4BKc2Q%3D%3D&position=25&pageNum=6&trk=public_jobs_jserp-result_search-card
2023-04-04;Traveloka;Data Analyst - Insurance;Jakarta Metropolitan Area;;;;;;https://id.linkedin.com/jobs/view/it-business-information-at-asuransi-astra-3550596130?refId=31IhIA%2BzO8ilEeyAdxc6Kg%3D%3D&trackingId=%2BuWxA02Tm0wDMXxi4BKc2Q%3D%3D&position=25&pageNum=6&trk=public_jobs_jserp-result_search-card
2023-03-10;Accelist Lentera Indonesia;Data Analyst;Jakarta Metropolitan Area;;;;;;https://id.linkedin.com/jobs/view/it-business-information-at-asuransi-astra-3550596130?refId=31IhIA%2BzO8ilEeyAdxc6Kg%3D%3D&trackingId=%2BuWxA02Tm0wDMXxi4BKc2Q%3D%3D&position=25&pageNum=6&trk=public_jobs_jserp-result_search-card
2023-04-12;KPMG Indonesia;Management Consulting - Cyber, Strategy and Governance (Associate to Manager);Jakarta, Jakarta, Indonesia;;;;;;https://id.linkedin.com/jobs/view/it-business-information-at-asuransi-astra-3550596130?refId=31IhIA%2BzO8ilEeyAdxc6Kg%3D%3D&trackingId=%2BuWxA02Tm0wDMXxi4BKc2Q%3D%3D&position=25&pageNum=6&trk=public_jobs_jserp-result_search-card
2023-03-08;Shipper;Social Media Specialist;Jakarta Metropolitan Area;;;;;;https://id.linkedin.com/jobs/view/it-business-information-at-asuransi-astra-3550596130?refId=31IhIA%2BzO8ilEeyAdxc6Kg%3D%3D&trackingId=%2BuWxA02Tm0wDMXxi4BKc2Q%3D%3D&position=25&pageNum=6&trk=public_jobs_jserp-result_search-card
2023-01-24;Alterra Indonesia;Associate Product Manager;Jakarta Metropolitan Area;;;;;;https://id.linkedin.com/jobs/view/it-business-information-at-asuransi-astra-3550596130?refId=31IhIA%2BzO8ilEeyAdxc6Kg%3D%3D&trackingId=%2BuWxA02Tm0wDMXxi4BKc2Q%3D%3D&position=25&pageNum=6&trk=public_jobs_jserp-result_search-card
2023-04-11;PT Anugerah Pharmindo Lestari;Project Management Office (PMO);Jakarta, Indonesia;;;;;;https://id.linkedin.com/jobs/view/it-business-information-at-asuransi-astra-3550596130?refId=31IhIA%2BzO8ilEeyAdxc6Kg%3D%3D&trackingId=%2BuWxA02Tm0wDMXxi4BKc2Q%3D%3D&position=25&pageNum=6&trk=public_jobs_jserp-result_search-card
2023-03-27;PT Salam Pacific Indonesia Lines;Accounting Officer;Surabaya, East Java, Indonesia;;;;;;https://id.linkedin.com/jobs/view/it-business-information-at-asuransi-astra-3550596130?refId=31IhIA%2BzO8ilEeyAdxc6Kg%3D%3D&trackingId=%2BuWxA02Tm0wDMXxi4BKc2Q%3D%3D&position=25&pageNum=6&trk=public_jobs_jserp-result_search-card
2023-03-31;Reckitt;Performance Marketing Analyst;Jakarta, Jakarta, Indonesia;;;;;;https://id.linkedin.com/jobs/view/it-business-information-at-asuransi-astra-3550596130?refId=31IhIA%2BzO8ilEeyAdxc6Kg%3D%3D&trackingId=%2BuWxA02Tm0wDMXxi4BKc2Q%3D%3D&position=25&pageNum=6&trk=public_jobs_jserp-result_search-card
2023-04-03;Ralali.com - B2B Marketplace;Data Analyst Intern;Pademangan Barat, Jakarta, Indonesia;;;;;;https://id.linkedin.com/jobs/view/it-business-information-at-asuransi-astra-3550596130?refId=31IhIA%2BzO8ilEeyAdxc6Kg%3D%3D&trackingId=%2BuWxA02Tm0wDMXxi4BKc2Q%3D%3D&position=25&pageNum=6&trk=public_jobs_jserp-result_search-card
2023-03-27;Hypefast;Business Intelligence (BI) Intern;Jakarta Metropolitan Area;;;;;;https://id.linkedin.com/jobs/view/it-business-information-at-asuransi-astra-3550596130?refId=31IhIA%2BzO8ilEeyAdxc6Kg%3D%3D&trackingId=%2BuWxA02Tm0wDMXxi4BKc2Q%3D%3D&position=25&pageNum=6&trk=public_jobs_jserp-result_search-card
2023-03-10;Astra Financial;Data Quality Analyst;Jakarta Metropolitan Area;;;;;;https://id.linkedin.com/jobs/view/it-business-information-at-asuransi-astra-3550596130?refId=31IhIA%2BzO8ilEeyAdxc6Kg%3D%3D&trackingId=%2BuWxA02Tm0wDMXxi4BKc2Q%3D%3D&position=25&pageNum=6&trk=public_jobs_jserp-result_search-card
2023-03-15;Love, Bonito;Part Timer Sales Assistant Love, Bonito Indonesia (AEON Mall BSD);Tangerang, Banten, Indonesia;;;;;;https://id.linkedin.com/jobs/view/it-business-information-at-asuransi-astra-3550596130?refId=31IhIA%2BzO8ilEeyAdxc6Kg%3D%3D&trackingId=%2BuWxA02Tm0wDMXxi4BKc2Q%3D%3D&position=25&pageNum=6&trk=public_jobs_jserp-result_search-card
2023-04-10;NielsenIQ;Data Science Executive;Jakarta Metropolitan Area;;;;;;https://id.linkedin.com/jobs/view/it-business-information-at-asuransi-astra-3550596130?refId=31IhIA%2BzO8ilEeyAdxc6Kg%3D%3D&trackingId=%2BuWxA02Tm0wDMXxi4BKc2Q%3D%3D&position=25&pageNum=6&trk=public_jobs_jserp-result_search-card
2023-03-17;PT Porto Indonesia Sejahtera;Data Base Collector (Internship);Duri Utara, Jakarta, Indonesia;;;;;;https://id.linkedin.com/jobs/view/it-business-information-at-asuransi-astra-3550596130?refId=31IhIA%2BzO8ilEeyAdxc6Kg%3D%3D&trackingId=%2BuWxA02Tm0wDMXxi4BKc2Q%3D%3D&position=25&pageNum=6&trk=public_jobs_jserp-result_search-card
2023-03-02;Celerates;Data Analyst;Jakarta Metropolitan Area;;;;;;https://id.linkedin.com/jobs/view/it-business-information-at-asuransi-astra-3550596130?refId=31IhIA%2BzO8ilEeyAdxc6Kg%3D%3D&trackingId=%2BuWxA02Tm0wDMXxi4BKc2Q%3D%3D&position=25&pageNum=6&trk=public_jobs_jserp-result_search-card
2023-03-17;PT. Serasi Autoraya;Marketing Research Analyst;Duri Utara, Jakarta, Indonesia;;;;;;https://id.linkedin.com/jobs/view/it-business-information-at-asuransi-astra-3550596130?refId=31IhIA%2BzO8ilEeyAdxc6Kg%3D%3D&trackingId=%2BuWxA02Tm0wDMXxi4BKc2Q%3D%3D&position=25&pageNum=6&trk=public_jobs_jserp-result_search-card
2023-03-01;GTech Digital Asia;Data Business Analyst - Big Data;Jakarta Metropolitan Area;;;;;;https://id.linkedin.com/jobs/view/it-business-information-at-asuransi-astra-3550596130?refId=31IhIA%2BzO8ilEeyAdxc6Kg%3D%3D&trackingId=%2BuWxA02Tm0wDMXxi4BKc2Q%3D%3D&position=25&pageNum=6&trk=public_jobs_jserp-result_search-card
2023-04-13;Asia Pulp & Paper;Internal Audit Supporting;Serpong, Banten, Indonesia;;;;;;https://id.linkedin.com/jobs/view/it-business-information-at-asuransi-astra-3550596130?refId=31IhIA%2BzO8ilEeyAdxc6Kg%3D%3D&trackingId=%2BuWxA02Tm0wDMXxi4BKc2Q%3D%3D&position=25&pageNum=6&trk=public_jobs_jserp-result_search-card
2023-03-22;Indepay | Setara Networks;Risk and Fraud Analyst;Jakarta Metropolitan Area;;;;;;https://id.linkedin.com/jobs/view/it-business-information-at-asuransi-astra-3550596130?refId=31IhIA%2BzO8ilEeyAdxc6Kg%3D%3D&trackingId=%2BuWxA02Tm0wDMXxi4BKc2Q%3D%3D&position=25&pageNum=6&trk=public_jobs_jserp-result_search-card
2023-03-23;Amar Bank;Business Operation Improvement (BOI) Business Banking;Jakarta, Jakarta, Indonesia;;;;;;https://id.linkedin.com/jobs/view/it-business-information-at-asuransi-astra-3550596130?refId=31IhIA%2BzO8ilEeyAdxc6Kg%3D%3D&trackingId=%2BuWxA02Tm0wDMXxi4BKc2Q%3D%3D&position=25&pageNum=6&trk=public_jobs_jserp-result_search-card
2023-03-17;Klinik Pintar;Administrasi sistem;Jakarta Metropolitan Area;;;;;;https://id.linkedin.com/jobs/view/it-business-information-at-asuransi-astra-3550596130?refId=31IhIA%2BzO8ilEeyAdxc6Kg%3D%3D&trackingId=%2BuWxA02Tm0wDMXxi4BKc2Q%3D%3D&position=25&pageNum=6&trk=public_jobs_jserp-result_search-card
2023-02-13;PT Macra Teknologi Indonesia;Data Analyst;Jakarta Metropolitan Area;;;;;;https://id.linkedin.com/jobs/view/it-business-information-at-asuransi-astra-3550596130?refId=31IhIA%2BzO8ilEeyAdxc6Kg%3D%3D&trackingId=%2BuWxA02Tm0wDMXxi4BKc2Q%3D%3D&position=25&pageNum=6&trk=public_jobs_jserp-result_search-card
2023-04-11;Bukalapak;Category Manager;Jakarta, Jakarta, Indonesia;;;;;;https://id.linkedin.com/jobs/view/it-business-information-at-asuransi-astra-3550596130?refId=31IhIA%2BzO8ilEeyAdxc6Kg%3D%3D&trackingId=%2BuWxA02Tm0wDMXxi4BKc2Q%3D%3D&position=25&pageNum=6&trk=public_jobs_jserp-result_search-card
2023-04-14;Indonesia Financial Group (IFG);Learning And Development Officer;Jakarta, Indonesia;;;;;;https://id.linkedin.com/jobs/view/it-business-information-at-asuransi-astra-3550596130?refId=31IhIA%2BzO8ilEeyAdxc6Kg%3D%3D&trackingId=%2BuWxA02Tm0wDMXxi4BKc2Q%3D%3D&position=25&pageNum=6&trk=public_jobs_jserp-result_search-card
2023-02-27;PT Bank Mandiri Taspen;Internship;Jakarta, Jakarta, Indonesia;;;;;;https://id.linkedin.com/jobs/view/it-business-information-at-asuransi-astra-3550596130?refId=31IhIA%2BzO8ilEeyAdxc6Kg%3D%3D&trackingId=%2BuWxA02Tm0wDMXxi4BKc2Q%3D%3D&position=25&pageNum=6&trk=public_jobs_jserp-result_search-card
2023-04-12;Kawan Lama Group;Business Development Analyst;West Jakarta, Jakarta, Indonesia;;;;;;https://id.linkedin.com/jobs/view/it-business-information-at-asuransi-astra-3550596130?refId=31IhIA%2BzO8ilEeyAdxc6Kg%3D%3D&trackingId=%2BuWxA02Tm0wDMXxi4BKc2Q%3D%3D&position=25&pageNum=6&trk=public_jobs_jserp-result_search-card
2023-04-04;Aruna;Data Manager;Jakarta Metropolitan Area;;;;;;https://id.linkedin.com/jobs/view/it-business-information-at-asuransi-astra-3550596130?refId=31IhIA%2BzO8ilEeyAdxc6Kg%3D%3D&trackingId=%2BuWxA02Tm0wDMXxi4BKc2Q%3D%3D&position=25&pageNum=6&trk=public_jobs_jserp-result_search-card
2023-04-11;SIGMATECH;Data Engineer_;Jakarta Metropolitan Area;;;;;;https://id.linkedin.com/jobs/view/it-business-information-at-asuransi-astra-3550596130?refId=31IhIA%2BzO8ilEeyAdxc6Kg%3D%3D&trackingId=%2BuWxA02Tm0wDMXxi4BKc2Q%3D%3D&position=25&pageNum=6&trk=public_jobs_jserp-result_search-card
2023-03-17;PT. Siaga Abdi Utama;Data Engineer;Jakarta, Jakarta, Indonesia;;;;;;https://id.linkedin.com/jobs/view/it-business-information-at-asuransi-astra-3550596130?refId=31IhIA%2BzO8ilEeyAdxc6Kg%3D%3D&trackingId=%2BuWxA02Tm0wDMXxi4BKc2Q%3D%3D&position=25&pageNum=6&trk=public_jobs_jserp-result_search-card
2023-01-18;PT. TEMAS Tbk;Recruitment Crewing Intern (Magang);Jakarta Metropolitan Area;;;;;;https://id.linkedin.com/jobs/view/it-business-information-at-asuransi-astra-3550596130?refId=31IhIA%2BzO8ilEeyAdxc6Kg%3D%3D&trackingId=%2BuWxA02Tm0wDMXxi4BKc2Q%3D%3D&position=25&pageNum=6&trk=public_jobs_jserp-result_search-card
2023-02-24;PT Astra Digital Arta (AstraPay);Product Ownership Staff;Jakarta, Jakarta, Indonesia;;;;;;https://id.linkedin.com/jobs/view/it-business-information-at-asuransi-astra-3550596130?refId=31IhIA%2BzO8ilEeyAdxc6Kg%3D%3D&trackingId=%2BuWxA02Tm0wDMXxi4BKc2Q%3D%3D&position=25&pageNum=6&trk=public_jobs_jserp-result_search-card
2023-04-12;Great Giant Foods;CRM Specialist;Jakarta, Jakarta, Indonesia;;;;;;https://id.linkedin.com/jobs/view/it-business-information-at-asuransi-astra-3550596130?refId=31IhIA%2BzO8ilEeyAdxc6Kg%3D%3D&trackingId=%2BuWxA02Tm0wDMXxi4BKc2Q%3D%3D&position=25&pageNum=6&trk=public_jobs_jserp-result_search-card
2023-03-28;Populix;Research Project Executive (Market Research);Jakarta Metropolitan Area;;;;;;https://id.linkedin.com/jobs/view/it-business-information-at-asuransi-astra-3550596130?refId=31IhIA%2BzO8ilEeyAdxc6Kg%3D%3D&trackingId=%2BuWxA02Tm0wDMXxi4BKc2Q%3D%3D&position=25&pageNum=6&trk=public_jobs_jserp-result_search-card
2023-02-28;Makmur.id;Data Analyst;Jakarta, Indonesia;;;;;;https://id.linkedin.com/jobs/view/it-business-information-at-asuransi-astra-3550596130?refId=31IhIA%2BzO8ilEeyAdxc6Kg%3D%3D&trackingId=%2BuWxA02Tm0wDMXxi4BKc2Q%3D%3D&position=25&pageNum=6&trk=public_jobs_jserp-result_search-card
2023-02-07;NoLimit Indonesia;Backend Developer;Bandung, East Java, Indonesia;;;;;;https://id.linkedin.com/jobs/view/it-business-information-at-asuransi-astra-3550596130?refId=31IhIA%2BzO8ilEeyAdxc6Kg%3D%3D&trackingId=%2BuWxA02Tm0wDMXxi4BKc2Q%3D%3D&position=25&pageNum=6&trk=public_jobs_jserp-result_search-card
2023-04-04;Arkademi;Data Developer;Jakarta Metropolitan Area;;;;;;https://id.linkedin.com/jobs/view/it-business-information-at-asuransi-astra-3550596130?refId=31IhIA%2BzO8ilEeyAdxc6Kg%3D%3D&trackingId=%2BuWxA02Tm0wDMXxi4BKc2Q%3D%3D&position=25&pageNum=6&trk=public_jobs_jserp-result_search-card
2023-02-01;PT Bank Jago Tbk;Credit Processing Specialist - 2;Jakarta, Jakarta, Indonesia;;;;;;https://id.linkedin.com/jobs/view/it-business-information-at-asuransi-astra-3550596130?refId=31IhIA%2BzO8ilEeyAdxc6Kg%3D%3D&trackingId=%2BuWxA02Tm0wDMXxi4BKc2Q%3D%3D&position=25&pageNum=6&trk=public_jobs_jserp-result_search-card
2023-03-29;Indepay | Setara Networks;Associate Product Manager;Jakarta Metropolitan Area;;;;;;https://id.linkedin.com/jobs/view/it-business-information-at-asuransi-astra-3550596130?refId=31IhIA%2BzO8ilEeyAdxc6Kg%3D%3D&trackingId=%2BuWxA02Tm0wDMXxi4BKc2Q%3D%3D&position=25&pageNum=6&trk=public_jobs_jserp-result_search-card
2023-04-11;PT Digital Informasi Futuristik;IT Data Analyst;Bandung, West Java, Indonesia;;;;;;https://id.linkedin.com/jobs/view/it-business-information-at-asuransi-astra-3550596130?refId=31IhIA%2BzO8ilEeyAdxc6Kg%3D%3D&trackingId=%2BuWxA02Tm0wDMXxi4BKc2Q%3D%3D&position=25&pageNum=6&trk=public_jobs_jserp-result_search-card
2023-04-11;Bukalapak;Human Resources Intern - AlloFresh;Jakarta Metropolitan Area;;;;;;https://id.linkedin.com/jobs/view/it-business-information-at-asuransi-astra-3550596130?refId=31IhIA%2BzO8ilEeyAdxc6Kg%3D%3D&trackingId=%2BuWxA02Tm0wDMXxi4BKc2Q%3D%3D&position=25&pageNum=6&trk=public_jobs_jserp-result_search-card
2023-03-30;MIFX;Junior Product Manager;Jakarta, Indonesia;;;;;;https://id.linkedin.com/jobs/view/it-business-information-at-asuransi-astra-3550596130?refId=31IhIA%2BzO8ilEeyAdxc6Kg%3D%3D&trackingId=%2BuWxA02Tm0wDMXxi4BKc2Q%3D%3D&position=25&pageNum=6&trk=public_jobs_jserp-result_search-card
2023-04-13;SIGMATECH;Data Architecture & Modelling;Jakarta Metropolitan Area;;;;;;https://id.linkedin.com/jobs/view/it-business-information-at-asuransi-astra-3550596130?refId=31IhIA%2BzO8ilEeyAdxc6Kg%3D%3D&trackingId=%2BuWxA02Tm0wDMXxi4BKc2Q%3D%3D&position=25&pageNum=6&trk=public_jobs_jserp-result_search-card
2023-03-17;PT Bungasari Flour Mills Indonesia;Business Analyst Staff;Jakarta, Jakarta, Indonesia;;;;;;https://id.linkedin.com/jobs/view/it-business-information-at-asuransi-astra-3550596130?refId=31IhIA%2BzO8ilEeyAdxc6Kg%3D%3D&trackingId=%2BuWxA02Tm0wDMXxi4BKc2Q%3D%3D&position=25&pageNum=6&trk=public_jobs_jserp-result_search-card
2023-01-31;Widya Edu;Human Capital and General Affair;Yogyakarta, Yogyakarta, Indonesia;;;;;;https://id.linkedin.com/jobs/view/it-business-information-at-asuransi-astra-3550596130?refId=31IhIA%2BzO8ilEeyAdxc6Kg%3D%3D&trackingId=%2BuWxA02Tm0wDMXxi4BKc2Q%3D%3D&position=25&pageNum=6&trk=public_jobs_jserp-result_search-card
2023-02-13;PT. Serasi Autoraya;IT Security Analyst;Jakarta Metropolitan Area;;;;;;https://id.linkedin.com/jobs/view/it-business-information-at-asuransi-astra-3550596130?refId=31IhIA%2BzO8ilEeyAdxc6Kg%3D%3D&trackingId=%2BuWxA02Tm0wDMXxi4BKc2Q%3D%3D&position=25&pageNum=6&trk=public_jobs_jserp-result_search-card
2023-01-14;SourceSage;Customer Service Support (JKT Indonesia Onsite);Jakarta Metropolitan Area;;;;;;https://id.linkedin.com/jobs/view/it-business-information-at-asuransi-astra-3550596130?refId=31IhIA%2BzO8ilEeyAdxc6Kg%3D%3D&trackingId=%2BuWxA02Tm0wDMXxi4BKc2Q%3D%3D&position=25&pageNum=6&trk=public_jobs_jserp-result_search-card
2023-04-11;Kamoro Maxima Integra;Data Analyst;Jakarta, Jakarta, Indonesia;;;;;;https://id.linkedin.com/jobs/view/it-business-information-at-asuransi-astra-3550596130?refId=31IhIA%2BzO8ilEeyAdxc6Kg%3D%3D&trackingId=%2BuWxA02Tm0wDMXxi4BKc2Q%3D%3D&position=25&pageNum=6&trk=public_jobs_jserp-result_search-card
2023-02-18;Asuransi Astra;Risk Management Staff;Jakarta, Jakarta, Indonesia;;;;;;https://id.linkedin.com/jobs/view/it-business-information-at-asuransi-astra-3550596130?refId=31IhIA%2BzO8ilEeyAdxc6Kg%3D%3D&trackingId=%2BuWxA02Tm0wDMXxi4BKc2Q%3D%3D&position=25&pageNum=6&trk=public_jobs_jserp-result_search-card
2023-03-20;Female Daily Network;Community Intern;Jakarta Metropolitan Area;;;;;;https://id.linkedin.com/jobs/view/it-business-information-at-asuransi-astra-3550596130?refId=31IhIA%2BzO8ilEeyAdxc6Kg%3D%3D&trackingId=%2BuWxA02Tm0wDMXxi4BKc2Q%3D%3D&position=25&pageNum=6&trk=public_jobs_jserp-result_search-card
2023-01-14;PT Astra Digital Arta (AstraPay);Human Capital & General Services Staff;Jakarta, Jakarta, Indonesia;;;;;;https://id.linkedin.com/jobs/view/it-business-information-at-asuransi-astra-3550596130?refId=31IhIA%2BzO8ilEeyAdxc6Kg%3D%3D&trackingId=%2BuWxA02Tm0wDMXxi4BKc2Q%3D%3D&position=25&pageNum=6&trk=public_jobs_jserp-result_search-card
2023-03-30;WireHire;Food Scientist;Jakarta Metropolitan Area;;;;;;https://id.linkedin.com/jobs/view/it-business-information-at-asuransi-astra-3550596130?refId=31IhIA%2BzO8ilEeyAdxc6Kg%3D%3D&trackingId=%2BuWxA02Tm0wDMXxi4BKc2Q%3D%3D&position=25&pageNum=6&trk=public_jobs_jserp-result_search-card
2023-01-16;PT. Chakra Giri Energi Indonesia;Data Scientist;Jakarta Metropolitan Area;;;;;;https://id.linkedin.com/jobs/view/it-business-information-at-asuransi-astra-3550596130?refId=31IhIA%2BzO8ilEeyAdxc6Kg%3D%3D&trackingId=%2BuWxA02Tm0wDMXxi4BKc2Q%3D%3D&position=25&pageNum=6&trk=public_jobs_jserp-result_search-card
2023-04-12;SIGMATECH;IT Data Konsolidasi - Banking;Jakarta Metropolitan Area;;;;;;https://id.linkedin.com/jobs/view/it-business-information-at-asuransi-astra-3550596130?refId=31IhIA%2BzO8ilEeyAdxc6Kg%3D%3D&trackingId=%2BuWxA02Tm0wDMXxi4BKc2Q%3D%3D&position=25&pageNum=6&trk=public_jobs_jserp-result_search-card
2023-03-13;Hypefast;Data Analyst;Jakarta Metropolitan Area;;;;;;https://id.linkedin.com/jobs/view/it-business-information-at-asuransi-astra-3550596130?refId=31IhIA%2BzO8ilEeyAdxc6Kg%3D%3D&trackingId=%2BuWxA02Tm0wDMXxi4BKc2Q%3D%3D&position=25&pageNum=6&trk=public_jobs_jserp-result_search-card
2023-03-17;IRANDRA FLORIST;Data Analyst;Yogyakarta, Yogyakarta, Indonesia;;;;;;https://id.linkedin.com/jobs/view/it-business-information-at-asuransi-astra-3550596130?refId=31IhIA%2BzO8ilEeyAdxc6Kg%3D%3D&trackingId=%2BuWxA02Tm0wDMXxi4BKc2Q%3D%3D&position=25&pageNum=6&trk=public_jobs_jserp-result_search-card
2023-04-12;Bukalapak;Merchandising Intern - AlloFresh;Jakarta, Indonesia;;;;;;https://id.linkedin.com/jobs/view/it-business-information-at-asuransi-astra-3550596130?refId=31IhIA%2BzO8ilEeyAdxc6Kg%3D%3D&trackingId=%2BuWxA02Tm0wDMXxi4BKc2Q%3D%3D&position=25&pageNum=6&trk=public_jobs_jserp-result_search-card
2023-03-24;PT Prakasa Makmur Kencana;Onboarding Specialist;Jakarta Metropolitan Area;;;;;;https://id.linkedin.com/jobs/view/it-business-information-at-asuransi-astra-3550596130?refId=31IhIA%2BzO8ilEeyAdxc6Kg%3D%3D&trackingId=%2BuWxA02Tm0wDMXxi4BKc2Q%3D%3D&position=25&pageNum=6&trk=public_jobs_jserp-result_search-card
2023-02-22;Amar Bank;MIS (Management Information System) & Data Analytics;Jakarta Metropolitan Area;;;;;;https://id.linkedin.com/jobs/view/it-business-information-at-asuransi-astra-3550596130?refId=31IhIA%2BzO8ilEeyAdxc6Kg%3D%3D&trackingId=%2BuWxA02Tm0wDMXxi4BKc2Q%3D%3D&position=25&pageNum=6&trk=public_jobs_jserp-result_search-card
2023-04-12;Great Giant Foods;Personal Admin Intern;Jakarta, Jakarta, Indonesia;;;;;;https://id.linkedin.com/jobs/view/it-business-information-at-asuransi-astra-3550596130?refId=31IhIA%2BzO8ilEeyAdxc6Kg%3D%3D&trackingId=%2BuWxA02Tm0wDMXxi4BKc2Q%3D%3D&position=25&pageNum=6&trk=public_jobs_jserp-result_search-card
2023-03-10;Astra Financial;Data Quality;Jakarta Metropolitan Area;;;;;;https://id.linkedin.com/jobs/view/it-business-information-at-asuransi-astra-3550596130?refId=31IhIA%2BzO8ilEeyAdxc6Kg%3D%3D&trackingId=%2BuWxA02Tm0wDMXxi4BKc2Q%3D%3D&position=25&pageNum=6&trk=public_jobs_jserp-result_search-card
2023-03-18;Great Giant Foods;Warehouse Staff - Cikupa;Tangerang, Banten, Indonesia;;;;;;https://id.linkedin.com/jobs/view/it-business-information-at-asuransi-astra-3550596130?refId=31IhIA%2BzO8ilEeyAdxc6Kg%3D%3D&trackingId=%2BuWxA02Tm0wDMXxi4BKc2Q%3D%3D&position=25&pageNum=6&trk=public_jobs_jserp-result_search-card
2023-03-08;Halodoc;Senior Business Intelligence Analyst;Jakarta Metropolitan Area;;;;;;https://id.linkedin.com/jobs/view/it-business-information-at-asuransi-astra-3550596130?refId=31IhIA%2BzO8ilEeyAdxc6Kg%3D%3D&trackingId=%2BuWxA02Tm0wDMXxi4BKc2Q%3D%3D&position=25&pageNum=6&trk=public_jobs_jserp-result_search-card
2023-03-06;Halodoc;Head of Business Operations;Jakarta Metropolitan Area;;;;;;https://id.linkedin.com/jobs/view/it-business-information-at-asuransi-astra-3550596130?refId=31IhIA%2BzO8ilEeyAdxc6Kg%3D%3D&trackingId=%2BuWxA02Tm0wDMXxi4BKc2Q%3D%3D&position=25&pageNum=6&trk=public_jobs_jserp-result_search-card
2023-04-12;Great Giant Foods;Personnel Administration Officer;Jakarta, Jakarta, Indonesia;;;;;;https://id.linkedin.com/jobs/view/it-business-information-at-asuransi-astra-3550596130?refId=31IhIA%2BzO8ilEeyAdxc6Kg%3D%3D&trackingId=%2BuWxA02Tm0wDMXxi4BKc2Q%3D%3D&position=25&pageNum=6&trk=public_jobs_jserp-result_search-card
2023-01-21;Desty Indonesia;Data Scientist;Jakarta, Jakarta, Indonesia;;;;;;https://id.linkedin.com/jobs/view/it-business-information-at-asuransi-astra-3550596130?refId=31IhIA%2BzO8ilEeyAdxc6Kg%3D%3D&trackingId=%2BuWxA02Tm0wDMXxi4BKc2Q%3D%3D&position=25&pageNum=6&trk=public_jobs_jserp-result_search-card
2023-01-16;KB Insurance Indonesia;Management Trainee IT;Jakarta Metropolitan Area;;;;;;https://id.linkedin.com/jobs/view/it-business-information-at-asuransi-astra-3550596130?refId=31IhIA%2BzO8ilEeyAdxc6Kg%3D%3D&trackingId=%2BuWxA02Tm0wDMXxi4BKc2Q%3D%3D&position=25&pageNum=6&trk=public_jobs_jserp-result_search-card
2023-03-11;Alterra Indonesia;Business Development Intern;Jakarta Selatan, Jakarta, Indonesia;;;;;;https://id.linkedin.com/jobs/view/it-business-information-at-asuransi-astra-3550596130?refId=31IhIA%2BzO8ilEeyAdxc6Kg%3D%3D&trackingId=%2BuWxA02Tm0wDMXxi4BKc2Q%3D%3D&position=25&pageNum=6&trk=public_jobs_jserp-result_search-card
2023-03-31;Asuransi Astra;IT Business Information;Jakarta, Jakarta, Indonesia;;;;;;https://id.linkedin.com/jobs/view/it-business-information-at-asuransi-astra-3550596130?refId=31IhIA%2BzO8ilEeyAdxc6Kg%3D%3D&trackingId=%2BuWxA02Tm0wDMXxi4BKc2Q%3D%3D&position=25&pageNum=6&trk=public_jobs_jserp-result_search-card
